Função,Método,Valores iniciais,Raiz aproximada,|f(x)| final,Iterações/resultado
f1: x² − 2,Bisseção,"(1.0, 2.0)",1.4142136573791504,2.687177129701013e-07,21 / convergiu
f1: x² − 2,Newton,1.5,1.4142135623746899,4.510614104447086e-12,3 / convergiu
f1: x² − 2,Secante,"(1.0, 2.0)",1.4142135620573204,8.931455575122982e-10,5 / convergiu
f2: x³ − x − 2,Bisseção,"(1.0, 2.0)",1.5213797092437744,1.4498129807805071e-08,22 / convergiu
f2: x³ − x − 2,Newton,1.5,1.5213798059647863,5.893874259754739e-07,2 / convergiu
f2: x³ − x − 2,Secante,"(1.0, 2.0)",1.5213797079848717,7.015477976324291e-09,6 / convergiu
f3: exp(−x) − x,Bisseção,"(0.0, 1.0)",0.567143440246582,2.348157265297246e-07,20 / convergiu
f3: exp(−x) − x,Newton,0.5,0.5671431650348622,1.964804717813351e-07,2 / convergiu
f3: exp(−x) − x,Secante,"(0.0, 1.0)",0.5671433066049633,2.5380166635002865e-08,4 / convergiu
f4: x³ − 2x + 2,Bisseção,"(-2.0, -1.0)",-1.7692923545837402,2.5507631562504685e-09,21 / convergiu
f4: x³ − 2x + 2,Newton,-2.0,-1.7692923542386998,5.053735208093713e-13,4 / convergiu
f4: x³ − 2x + 2,Secante,"(-2.0, -1.0)",-1.7692922785579854,5.593697234296258e-07,6 / convergiu
